chambre,commentaires,created_at,fax,id,nom,parametres_cabinet_id,site_web,telephone,type_institution_id,updated_at
"","",2011-06-01 14:39:23 UTC,"",1,LOYER & ABELLO,2,"",+33.1.42.37.12.22,2,2011-08-15 00:02:09 UTC
4E,"",2011-06-01 14:42:09 UTC,"",2,TGI DE PARIS II,2,"","",1,2011-08-15 00:02:09 UTC
"","",2011-06-06 08:04:39 UTC,"",3,EXPERTISE LEGENDRE,2,"","",,2011-08-15 00:02:09 UTC
3,"",2011-08-19 10:31:56 UTC,"",4,Thibavocats,2,"","",2,2011-08-19 10:31:56 UTC
"","",2011-08-29 10:58:03 UTC,"",5,"",2,"","",,2011-08-29 10:58:03 UTC
"","",2011-08-29 11:03:24 UTC,"",6,CIC,2,"","",2,2011-08-29 11:03:24 UTC
2,"",2011-08-29 11:31:21 UTC,"",7,Expertise,2,"","",3,2011-08-29 11:31:21 UTC
3,"",2011-08-29 11:32:02 UTC,"",8,"",2,"","",1,2011-08-29 11:32:02 UTC
2,"",2011-08-29 11:32:02 UTC,"",9,Expertise,2,"","",3,2011-08-29 11:32:02 UTC
"","",2011-09-23 14:51:04 UTC,"",10,TGI de Nanterre,2,"","",1,2011-09-23 14:51:04 UTC
"","",2011-09-23 14:57:13 UTC,"",11,SEMERCLI,2,"","",6,2011-09-23 14:57:13 UTC
"","",2011-09-23 14:57:14 UTC,"",12,TGI de Nanterre,2,"","",1,2011-09-23 14:57:14 UTC
"","",2011-09-24 04:25:58 UTC,01 42 25 10 31,13,LE SOURD DESFORGES,2,"",01 56 88 06 24,2,2011-09-24 04:25:58 UTC
"","",2011-12-31 08:04:25 UTC,"",14,TGI Saint-Malo,2,"","",1,2011-12-31 08:04:25 UTC
"","",2012-01-01 09:29:58 UTC,0299 40 41 75,15,DENOUAL KERJEAN LE GOFF,2,"",02 99 20 61 50,2,2012-01-01 09:29:58 UTC
"","",2012-02-25 18:11:31 UTC,"",16,ANTEA,2,"","",25,2012-02-25 18:11:31 UTC
